Business Name,Address,Phone,Website
Great Falls Roofing & Exteriors,· 3124 2nd Ave N,· (406) 727-7663,
Home Renovations,· 3124 2nd Ave N,· (406) 453-1511,
S & T Roofing Inc,· 661 Vaughn Rd,· (406) 452-4010,
Easy Remodeling,· 1208 Maria Dr,Open · Closes 7 PM,
Top Line Roofing Great Falls,Roofing contractor,· (406) 780-7581,
Cascade Home Improvements Inc,· 1201 25th Ave NE,· (406) 771-0665,
ABC EXTERIORS INC.,· 2226 Central Ave W # 29,· (406) 318-5887,
Truss Works Inc.,· 1500 Stuckey Rd,· (406) 454-1800,
FT Chimney Inspection Services ltd,· 415 5th Ave N,· (406) 430-3264,
QL&C Quality Lee's Painting services & Chimney cleaning service,· 2319 2nd Ave SW,· (406) 604-0050,
New Era Construction Inc,· 2220 7th Ave N,· (406) 231-8799,
Galbavy Construction,· 3805 7th St NE #212,(406) 217-7349,
Get The JOB Done,Roofing contractor,· (406) 788-0269,
Melton Maintenance and Repair,· 18 4th Ave W,Open · Closes 6 PM,
KP&C Kinder Painting services & Chimney cleaning service Ltd,Painter,· (406) 604-0024,
JK Property Investments,· 4305 13th Ave S,· (406) 868-7288,
Artistic Exteriors 2,Roofing contractor,· (406) 231-8719,
Montana Custom Contracting,General contractor,· (406) 750-1978,
Aedifico Construction,Construction company,· (406) 579-8644,
Reds handyman services,Construction company,· (406) 899-9338,
Blackfeet Exteriors,Roofing contractor,· (406) 564-7639,
Pete’s Construction LLC,Construction company,· (406) 799-6872,
Roofing by Frank Merchant,Roofing contractor,(406) 590-1490,
Denny's Roofing & Construction,Roofing contractor,· (406) 899-3939,
Outside In Restoration & Renovation LLC,Construction company,· (503) 860-4822,
Pure Peak Roofing,· 5260 Jay Bird Dr,· (406) 438-5244,
Big Sky Gutters & Doors,· 2032 Yellowstone River Dr,· (406) 377-8210,
Mark Liggett Construction,Construction company,(406) 452-3622,
"ITs Construction406, LLC",Handyman/Handywoman/Handyperson,· (406) 564-3488,
Burney Roofing and Construction,· 212 Chappell St,· (406) 781-1758,
Ridgeline Roofing,· 33 Willowbrook Ln,· (406) 518-1095,
Wiedeman Roofing,· 221 S Merriam Ave,· (406) 853-4089,
Troggy's Trailer Repair,· 705 N Haynes Ave,· (406) 234-1916,
Mad Cou Roofing & Siding LLC,· 107 S Madison St,· (406) 404-0196,
Molina Construction,· 602 Wellington Ave,· (406) 648-7488,
Wagoner Roofing & Remodeling,· 216 11th St S,· (406) 228-8926,
HomeWorks Construction L.L.C.,· 6th Ave S,· (406) 230-6279,
Giant Construction,Roofing contractor,· (406) 262-3769,
"All Seasons Roofing of Montana, LLC",· 66 River View Rd,· (406) 256-5657,
Montana Roofing Contractors,· 120 E Main St,(406) 482-1884,
Robert's Roofs,· 4229 Black Lake Rd,· (406) 889-3326,
Bluebird Roofing and Construction,· 41 Lower Deer Creek Rd,· (406) 209-3493,
Advanced Commercial Roofing,· 19492 9 Mile Rd,· (217) 504-7795,
Rocky Mountain Roofing,· 2309 Wilder Ave,· (406) 594-2008,
Over the Top Roofing,· 1707 Continental Dr c,· (406) 565-5777,
Knutson Roofing,· 1103 Gladstone St,(307) 674-4296,
Ken's Roofing Inc,· 202 Island View Dr,· (406) 883-5554,
Mission Mountain Roofing LLC,Roofing contractor,· (406) 885-3716,
